CustID,Cluster,FraudRisk,FraudScore
CUST100105,2,medium,51.98049452077281
CUST100106,1,low,0.05417023454186509
CUST100200,1,low,29.741705225618997
