CustID,Cluster,FraudRisk,FraudScore
CUST100001,1,low,51.286583118898484
CUST001,1,low,14.259147810780474
CUST002,1,low,0.0
CUST003,1,low,22.429761826930836
CUST100030,2,medium,62.09733412769091
CUST100031,1,low,35.7752387559971
CUST101001,1,low,52.64563770732993
