CustID,Cluster,FraudRisk,FraudScore
CUST100001,2,low,51.28658311889848
CUST001,2,low,14.259214037681726
CUST002,2,low,0.0
CUST003,2,low,22.42983416083549
