CustID,Cluster,FraudRisk,FraudScore
CUST100001,1,medium,51.286583118898484
CUST001,1,medium,14.259147810780474
CUST002,1,medium,0.0
CUST003,1,medium,22.429761826930836
CUST100030,2,low,62.09733412769091
CUST100031,1,medium,35.7752387559971
