CustID,TotalOrders,TotalReturns,AOV,ARV,AccountAge,Rwinabuse,Rhighvalueabuse,Rcycle,Rcategory,Rvague,Rdiversity,Rconsistency,FraudScore,RawFraudScore,Cluster,FraudRisk
CUST100105,15,14,53.174666666666674,53.76214285714286,527,0,1,0,14,7,10,4,51.98049452077281,17.613473505742057,2,medium
CUST100106,0,0,0.0,0.0,498,0,0,0,0,0,0,0,0.05417023454186509,0.018355461980487306,1,low
CUST100200,5,5,65.5,65.5,527,0,0,0,5,1,5,0,29.741705225618997,10.077909835922853,1,low
