CustID,TotalOrders,TotalReturns,AOV,ARV,AccountAge,Rwinabuse,Rhighvalueabuse,Rcycle,Rcategory,Rvague,Rdiversity,Rconsistency,FraudScore,RawFraudScore,Cluster,FraudRisk
CUST100001,20,12,79.3775,82.51,26,0,3,0,11,4,8,4,51.286583118898484,17.378343189939436,1,low
CUST001,2,1,175.25,250.0,923,0,0,0,1,0,1,0,14.259147810780474,4.831680123383093,1,low
CUST002,1,0,80.0,0.0,878,0,0,0,0,0,0,0,0.0,0.0,1,low
CUST003,1,1,150.0,150.0,855,0,0,0,1,2,1,0,22.429761826930836,7.600274282132345,1,low
CUST100030,30,21,66.20866666666667,66.58476190476192,40,0,3,0,19,13,11,10,62.09733412769091,21.04154182292752,2,medium
CUST100031,10,6,80.219,85.49166666666666,26,0,1,0,6,2,6,0,35.7752387559971,12.122359084878191,1,low
