CustID,TotalOrders,TotalReturns,AOV,ARV,AccountAge,Rwinabuse,Rhighvalueabuse,Rcycle,Rcategory,Rvague,Rdiversity,Rconsistency,FraudScore,RawFraudScore,Cluster,FraudRisk
CUST100001,20,12,79.3775,82.51,26,0,3,0,11,4,8,4,51.28658311889848,17.378343189939436,2,low
CUST001,2,1,175.25,250.0,922,0,0,0,1,0,1,0,14.259214037681726,4.831702564219436,2,low
CUST002,1,0,80.0,0.0,877,0,0,0,0,0,0,0,0.0,0.0,2,low
CUST003,1,1,150.0,150.0,854,0,0,0,1,2,1,0,22.42983416083549,7.600298792313039,2,low
CUST100030,30,21,66.20866666666667,66.5847619047619,39,0,3,0,19,13,11,10,62.10072263312309,21.042690010362136,0,high
